{
  "Test: Create Posts" : {
    "transaction" : "Test: Create Posts",
    "sampleCount" : 500000,
    "errorCount" : 0,
    "errorPct" : 0.0,
    "meanResTime" : 656.5697260000055,
    "medianResTime" : 2341.0,
    "minResTime" : 0.0,
    "maxResTime" : 13852.0,
    "pct1ResTime" : 7148.9000000000015,
    "pct2ResTime" : 8362.95,
    "pct3ResTime" : 10162.970000000005,
    "throughput" : 703.309069170447,
    "receivedKBytesPerSec" : 220.57137817807788,
    "sentKBytesPerSec" : 231.01111942627566
  },
  "Test: Create Comments" : {
    "transaction" : "Test: Create Comments",
    "sampleCount" : 500000,
    "errorCount" : 0,
    "errorPct" : 0.0,
    "meanResTime" : 718.3310499999927,
    "medianResTime" : 2817.0,
    "minResTime" : 0.0,
    "maxResTime" : 16047.0,
    "pct1ResTime" : 7786.0,
    "pct2ResTime" : 9105.95,
    "pct3ResTime" : 11115.980000000003,
    "throughput" : 703.2793918039819,
    "receivedKBytesPerSec" : 230.58606854073042,
    "sentKBytesPerSec" : 246.00081272724714
  },
  "Total" : {
    "transaction" : "Total",
    "sampleCount" : 1051000,
    "errorCount" : 0,
    "errorPct" : 0.0,
    "meanResTime" : 663.6922511893379,
    "medianResTime" : 2492.0,
    "minResTime" : 0.0,
    "maxResTime" : 16047.0,
    "pct1ResTime" : 6613.9000000000015,
    "pct2ResTime" : 8029.950000000001,
    "pct3ResTime" : 9648.990000000002,
    "throughput" : 1454.0091778276742,
    "receivedKBytesPerSec" : 465.6364983324203,
    "sentKBytesPerSec" : 492.26747412553664
  },
  "Init: Create Users" : {
    "transaction" : "Init: Create Users",
    "sampleCount" : 1000,
    "errorCount" : 0,
    "errorPct" : 0.0,
    "meanResTime" : 829.0899999999997,
    "medianResTime" : 830.0,
    "minResTime" : 430.0,
    "maxResTime" : 1138.0,
    "pct1ResTime" : 1108.0,
    "pct2ResTime" : 1115.0,
    "pct3ResTime" : 1131.98,
    "throughput" : 654.4502617801047,
    "receivedKBytesPerSec" : 175.4821457787958,
    "sentKBytesPerSec" : 186.4838125818063
  },
  "Init: Create Posts" : {
    "transaction" : "Init: Create Posts",
    "sampleCount" : 50000,
    "errorCount" : 0,
    "errorPct" : 0.0,
    "meanResTime" : 185.2215599999993,
    "medianResTime" : 124.0,
    "minResTime" : 1.0,
    "maxResTime" : 904.0,
    "pct1ResTime" : 187.0,
    "pct2ResTime" : 204.0,
    "pct3ResTime" : 235.0,
    "throughput" : 5230.125523012553,
    "receivedKBytesPerSec" : 1627.7617514382844,
    "sentKBytesPerSec" : 1716.8588805896966
  }
}